"","id","name","logo","output$form","played.home","played.away","played.total","wins.home","wins.away","wins.total","draws.home","draws.away","draws.total","loses.home","loses.away","loses.total","home","away","total","home","away","total"
"1",25,"Germany","https://media.api-sports.io/football/teams/25.png","WLWWWLW",4,3,7,2,3,5,0,0,0,2,0,2,8,8,16,3,2,5
"2",15,"Switzerland","https://media.api-sports.io/football/teams/15.png","WLD",1,2,3,0,1,1,1,0,1,0,1,1,0,1,1,0,1,1
"3",9,"Spain","https://media.api-sports.io/football/teams/9.png","LWWWWWW",3,4,7,2,4,6,0,0,0,1,0,1,3,5,8,1,1,2
"4",768,"Italy","https://media.api-sports.io/football/teams/768.png","DDL",2,1,3,0,0,0,2,0,2,0,1,1,2,2,4,2,3,5
"5",1091,"Slovenia","https://media.api-sports.io/football/teams/1091.png","WDL",2,1,3,0,1,1,1,0,1,1,0,1,2,1,3,3,0,3
"6",21,"Denmark","https://media.api-sports.io/football/teams/21.png","LWL",1,2,3,0,1,1,0,0,0,1,1,2,1,2,3,3,3,6
"7",14,"Serbia","https://media.api-sports.io/football/teams/14.png","LWL",1,2,3,0,1,1,0,0,0,1,1,2,0,2,2,1,2,3
"8",10,"England","https://media.api-sports.io/football/teams/10.png","DDWL",2,2,4,0,1,1,2,0,2,0,1,1,1,2,3,1,4,5
"9",1118,"Netherlands","https://media.api-sports.io/football/teams/1118.png","WWWWWWL",5,2,7,4,2,6,0,0,0,1,0,1,7,5,12,3,3,6
"10",2,"France","https://media.api-sports.io/football/teams/2.png","DLL",2,1,3,0,0,0,0,1,1,2,0,2,1,0,1,4,0,4
"11",773,"Slovakia","https://media.api-sports.io/football/teams/773.png","DLWL",2,2,4,1,0,1,0,1,1,1,1,2,3,2,5,4,3,7
"12",27,"Portugal","https://media.api-sports.io/football/teams/27.png","DWDL",2,2,4,1,0,1,1,1,2,0,1,1,7,0,7,0,1,1
"13",25,"Germany","https://media.api-sports.io/football/teams/25.png","WDWWWWW",4,3,7,3,3,6,1,0,1,0,0,0,9,9,18,3,1,4
"14",15,"Switzerland","https://media.api-sports.io/football/teams/15.png","WLWL",2,2,4,1,1,2,0,0,0,1,1,2,4,3,7,6,1,7
"15",9,"Spain","https://media.api-sports.io/football/teams/9.png","LLW",2,1,3,0,1,1,0,0,0,2,0,2,1,3,4,7,0,7
"16",3,"Croatia","https://media.api-sports.io/football/teams/3.png","LWL",1,2,3,0,1,1,0,0,0,1,1,2,1,5,6,3,3,6
"17",768,"Italy","https://media.api-sports.io/football/teams/768.png","WLL",2,1,3,0,1,1,0,0,0,2,0,2,0,2,2,2,1,3
"18",10,"England","https://media.api-sports.io/football/teams/10.png","LLD",1,2,3,0,0,0,0,1,1,1,1,2,1,1,2,2,2,4
"19",1118,"Netherlands","https://media.api-sports.io/football/teams/1118.png","WWWWDDW",4,3,7,2,3,5,2,0,2,0,0,0,4,11,15,1,3,4
"20",2,"France","https://media.api-sports.io/football/teams/2.png","WWDWL",3,2,5,2,1,3,0,1,1,1,0,1,5,5,10,1,2,3
"21",1,"Belgium","https://media.api-sports.io/football/teams/1.png","WWWWL",3,2,5,3,1,4,0,0,0,0,1,1,5,1,6,2,1,3
"22",27,"Portugal","https://media.api-sports.io/football/teams/27.png","LDW",1,2,3,1,0,1,0,1,1,0,1,1,2,2,4,1,6,7
"23",25,"Germany","https://media.api-sports.io/football/teams/25.png","LWL",2,1,3,1,0,1,0,0,0,1,1,2,2,0,2,2,2,4
"24",15,"Switzerland","https://media.api-sports.io/football/teams/15.png","DWDL",1,3,4,0,1,1,1,1,2,0,1,1,2,3,5,2,3,5
"25",9,"Spain","https://media.api-sports.io/football/teams/9.png","DWDD",2,2,4,0,1,1,2,1,3,0,0,0,3,4,7,3,3,6
"26",3,"Croatia","https://media.api-sports.io/football/teams/3.png","WWWDDWL",3,4,7,2,2,4,1,1,2,0,1,1,5,9,14,2,7,9
"27",21,"Denmark","https://media.api-sports.io/football/teams/21.png","WDDD",2,2,4,0,1,1,2,1,3,0,0,0,1,2,3,1,1,2
"28",14,"Serbia","https://media.api-sports.io/football/teams/14.png","WLL",2,1,3,0,1,1,0,0,0,2,0,2,1,1,2,4,0,4
"29",10,"England","https://media.api-sports.io/football/teams/10.png","WWLDWLL",2,5,7,1,2,3,0,1,1,1,2,3,6,6,12,2,6,8
"30",24,"Poland","https://media.api-sports.io/football/teams/24.png","LLW",2,1,3,0,1,1,0,0,0,2,0,2,1,1,2,5,0,5
"31",2,"France","https://media.api-sports.io/football/teams/2.png","WWDWWWW",5,2,7,5,1,6,0,1,1,0,0,0,12,2,14,6,0,6
"32",1,"Belgium","https://media.api-sports.io/football/teams/1.png","WWWWWLW",4,3,7,4,2,6,0,0,0,0,1,1,13,3,16,4,2,6
"33",27,"Portugal","https://media.api-sports.io/football/teams/27.png","DWDL",2,2,4,1,0,1,1,1,2,0,1,1,4,2,6,3,3,6
"34",25,"Germany","https://media.api-sports.io/football/teams/25.png","LDW",1,2,3,0,1,1,0,1,1,1,0,1,1,5,6,2,3,5
"35",15,"Switzerland","https://media.api-sports.io/football/teams/15.png","WLWL",1,3,4,1,1,2,0,0,0,0,2,2,1,4,5,0,9,9
"36",9,"Spain","https://media.api-sports.io/football/teams/9.png","WDLD",2,2,4,1,0,1,1,1,2,0,1,1,8,1,9,1,2,3
"37",3,"Croatia","https://media.api-sports.io/football/teams/3.png","DWDDDLW",4,3,7,2,0,2,2,2,4,0,1,1,7,1,8,3,4,7
"38",21,"Denmark","https://media.api-sports.io/football/teams/21.png","DLL",1,2,3,0,0,0,1,0,1,0,2,2,0,1,1,0,3,3
"39",14,"Serbia","https://media.api-sports.io/football/teams/14.png","LDL",1,2,3,0,0,0,0,1,1,1,1,2,2,3,5,3,5,8
"40",10,"England","https://media.api-sports.io/football/teams/10.png","WDWWL",4,1,5,2,1,3,1,0,1,1,0,1,10,3,13,4,0,4
"41",24,"Poland","https://media.api-sports.io/football/teams/24.png","DWLL",2,2,4,1,0,1,0,1,1,1,1,2,2,1,3,2,3,5
"42",1118,"Netherlands","https://media.api-sports.io/football/teams/1118.png","WDWWD",4,1,5,2,1,3,2,0,2,0,0,0,8,2,10,4,0,4
"43",2,"France","https://media.api-sports.io/football/teams/2.png","WWLWWWD",4,3,7,4,1,5,0,1,1,0,1,1,11,5,16,3,5,8
"44",1,"Belgium","https://media.api-sports.io/football/teams/1.png","WLD",2,1,3,1,0,1,0,1,1,1,0,1,1,0,1,2,0,2
"45",27,"Portugal","https://media.api-sports.io/football/teams/27.png","WWLWL",3,2,5,3,0,3,0,0,0,0,2,2,11,1,12,3,3,6
"46",25,"Germany","https://media.api-sports.io/football/teams/25.png","WLWWWL",3,3,6,2,2,4,0,0,0,1,1,2,5,5,10,3,4,7
"47",15,"Switzerland","https://media.api-sports.io/football/teams/15.png","LLW",3,0,3,1,0,1,0,0,0,2,0,2,3,0,3,3,0,3
"48",9,"Spain","https://media.api-sports.io/football/teams/9.png","WWWDWW",2,4,6,1,4,5,1,0,1,0,0,0,4,8,12,1,2,3
"49",3,"Croatia","https://media.api-sports.io/football/teams/3.png","WWWD",2,2,4,1,2,3,1,0,1,0,0,0,3,2,5,2,0,2
"50",768,"Italy","https://media.api-sports.io/football/teams/768.png","LDWD",1,3,4,0,1,1,1,1,2,0,1,1,1,2,3,1,3,4
"51",24,"Poland","https://media.api-sports.io/football/teams/24.png","LDL",1,2,3,0,0,0,0,1,1,1,1,2,0,1,1,1,3,4
"52",1118,"Netherlands","https://media.api-sports.io/football/teams/1118.png","WWWL",4,0,4,3,0,3,0,0,0,1,0,1,10,0,10,4,0,4
"53",775,"Austria","https://media.api-sports.io/football/teams/775.png","LDL",3,0,3,0,0,0,1,0,1,2,0,2,1,0,1,3,0,3
"54",2,"France","https://media.api-sports.io/football/teams/2.png","DLL",1,2,3,0,0,0,0,1,1,1,1,2,0,1,1,2,4,6
"55",774,"Romania","https://media.api-sports.io/football/teams/774.png","DDL",1,2,3,0,0,0,1,1,2,0,1,1,0,1,1,0,3,3
"56",777,"Turkey","https://media.api-sports.io/football/teams/777.png","LWWDL",1,4,5,1,1,2,0,1,1,0,2,2,3,5,8,2,7,9
"57",27,"Portugal","https://media.api-sports.io/football/teams/27.png","WWLL",2,2,4,1,1,2,0,0,0,1,1,2,4,3,7,3,3,6
"58",770,"Czech Republic","https://media.api-sports.io/football/teams/770.png","WLL",1,2,3,0,1,1,0,0,0,1,1,2,1,3,4,3,3,6
"59",25,"Germany","https://media.api-sports.io/football/teams/25.png","WWWWL",3,2,5,2,2,4,0,0,0,1,0,1,6,4,10,4,2,6
"60",9,"Spain","https://media.api-sports.io/football/teams/9.png","DWWWDW",4,2,6,3,1,4,1,1,2,0,0,0,11,1,12,1,0,1
"61",3,"Croatia","https://media.api-sports.io/football/teams/3.png","WDL",1,2,3,0,1,1,0,1,1,1,0,1,0,4,4,1,2,3
"62",768,"Italy","https://media.api-sports.io/football/teams/768.png","DDWDWL",2,4,6,1,1,2,1,2,3,0,1,1,3,3,6,1,6,7
"63",21,"Denmark","https://media.api-sports.io/football/teams/21.png","WLL",2,1,3,0,1,1,0,0,0,2,0,2,3,1,4,5,0,5
"64",10,"England","https://media.api-sports.io/football/teams/10.png","DWWD",2,2,4,1,1,2,1,1,2,0,0,0,1,4,5,0,3,3
"65",24,"Poland","https://media.api-sports.io/football/teams/24.png","DDL",2,1,3,0,0,0,2,0,2,0,1,1,2,0,2,2,1,3
"66",1118,"Netherlands","https://media.api-sports.io/football/teams/1118.png","LLL",2,1,3,0,0,0,0,0,0,2,1,3,1,1,2,3,2,5
"67",2,"France","https://media.api-sports.io/football/teams/2.png","DWLL",1,3,4,0,1,1,1,0,1,0,2,2,1,2,3,1,4,5
"68",772,"Ukraine","https://media.api-sports.io/football/teams/772.png","WLL",2,1,3,1,0,1,0,0,0,1,1,2,2,0,2,3,1,4
"69",27,"Portugal","https://media.api-sports.io/football/teams/27.png","LWWWD",2,3,5,1,2,3,1,0,1,0,1,1,2,4,6,1,3,4
"70",770,"Czech Republic","https://media.api-sports.io/football/teams/770.png","LWWL",2,2,4,1,1,2,0,0,0,1,1,2,1,3,4,1,5,6
"71",25,"Germany","https://media.api-sports.io/football/teams/25.png","WDWWDL",5,1,6,2,1,3,2,0,2,1,0,1,6,1,7,3,0,3
"72",769,"Hungary","https://media.api-sports.io/football/teams/769.png","WDDL",2,2,4,0,1,1,1,1,2,1,0,1,3,3,6,7,1,8
"73",15,"Switzerland","https://media.api-sports.io/football/teams/15.png","WDDD",2,2,4,0,1,1,2,1,3,0,0,0,1,2,3,1,1,2
"74",9,"Spain","https://media.api-sports.io/football/teams/9.png","WWLL",2,2,4,2,0,2,0,0,0,0,2,2,4,1,5,0,4,4
"75",3,"Croatia","https://media.api-sports.io/football/teams/3.png","WDWL",2,2,4,1,1,2,0,1,1,1,0,1,2,3,5,2,2,4
"76",768,"Italy","https://media.api-sports.io/football/teams/768.png","WWLWD",3,2,5,2,1,3,0,1,1,1,0,1,3,3,6,1,1,2
"77",778,"Albania","https://media.api-sports.io/football/teams/778.png","LLW",1,2,3,0,1,1,0,0,0,1,1,2,0,1,1,1,2,3
"78",10,"England","https://media.api-sports.io/football/teams/10.png","DWDL",3,1,4,1,0,1,1,1,2,1,0,1,4,0,4,4,0,4
"79",24,"Poland","https://media.api-sports.io/football/teams/24.png","WDWDD",2,3,5,1,1,2,1,2,3,0,0,0,2,2,4,1,1,2
"80",775,"Austria","https://media.api-sports.io/football/teams/775.png","LDL",1,2,3,0,0,0,0,1,1,1,1,2,0,1,1,2,2,4
"81",2,"France","https://media.api-sports.io/football/teams/2.png","WWDWWWL",4,3,7,4,1,5,0,1,1,0,1,1,11,2,13,4,1,5
"82",1,"Belgium","https://media.api-sports.io/football/teams/1.png","LWWWL",2,3,5,1,2,3,0,0,0,1,1,2,3,6,9,2,3,5
"83",773,"Slovakia","https://media.api-sports.io/football/teams/773.png","LWDL",1,3,4,0,1,1,1,0,1,0,2,2,0,3,3,0,6,6
"84",774,"Romania","https://media.api-sports.io/football/teams/774.png","LDL",2,1,3,0,0,0,1,0,1,1,1,2,1,1,2,2,2,4
"85",772,"Ukraine","https://media.api-sports.io/football/teams/772.png","LLL",2,1,3,0,0,0,0,0,0,2,1,3,0,0,0,3,2,5
"86",777,"Turkey","https://media.api-sports.io/football/teams/777.png","LLW",1,2,3,0,1,1,0,0,0,1,1,2,0,2,2,1,3,4
"87",27,"Portugal","https://media.api-sports.io/football/teams/27.png","DDDWDWW",4,3,7,2,1,3,2,2,4,0,0,0,4,5,9,1,4,5
"88",770,"Czech Republic","https://media.api-sports.io/football/teams/770.png","LDL",2,1,3,0,0,0,1,0,1,1,1,2,2,0,2,4,1,5
"89",25,"Germany","https://media.api-sports.io/football/teams/25.png","WWWLWWWWLWDL",5,7,12,3,5,8,1,0,1,1,2,3,22,14,36,7,7,14
"90",1108,"Scotland","https://media.api-sports.io/football/teams/1108.png","LWWLLLLWWWDDLDL",7,8,15,3,2,5,1,2,3,3,4,7,12,6,18,10,15,25
"91",769,"Hungary","https://media.api-sports.io/football/teams/769.png","LWWWLLWLWWLDD",7,6,13,4,2,6,1,1,2,2,3,5,8,8,16,8,11,19
"92",15,"Switzerland","https://media.api-sports.io/football/teams/15.png","WDDWLWWWDLWDD",6,7,13,4,2,6,2,3,5,0,2,2,14,13,27,5,10,15
"93",9,"Spain","https://media.api-sports.io/football/teams/9.png","WWWWWWDDWWDDWWDD",7,9,16,5,5,10,2,4,6,0,0,0,22,22,44,2,9,11
"94",3,"Croatia","https://media.api-sports.io/football/teams/3.png","WLWWDWDWLDWL",7,5,12,5,1,6,1,2,3,1,2,3,17,7,24,10,5,15
"95",768,"Italy","https://media.api-sports.io/football/teams/768.png","WWWWWWWWWWWWWWWDD",10,7,17,8,7,15,2,0,2,0,0,0,29,21,50,5,3,8
"96",778,"Albania","https://media.api-sports.io/football/teams/778.png","LWLWLWLWDL",5,5,10,2,2,4,1,0,1,2,3,5,8,8,16,8,6,14
"97",1091,"Slovenia","https://media.api-sports.io/football/teams/1091.png","DDLWWWLLWL",5,5,10,3,1,4,1,1,2,1,3,4,7,9,16,4,7,11
"98",21,"Denmark","https://media.api-sports.io/football/teams/21.png","DDWWDWWDLLWWWL",6,8,14,3,4,7,1,3,4,2,1,3,14,21,35,5,8,13
"99",14,"Serbia","https://media.api-sports.io/football/teams/14.png","DLWLWWWDWD",5,5,10,2,3,5,2,1,3,1,1,2,12,8,20,10,9,19
"100",10,"England","https://media.api-sports.io/football/teams/10.png","WWWWLWWWWDWWWWD",8,7,15,7,5,12,1,1,2,0,1,1,26,22,48,4,4,8
"101",24,"Poland","https://media.api-sports.io/football/teams/24.png","WWWWLDWWWWLDL",6,7,13,4,4,8,1,1,2,1,2,3,12,10,22,4,7,11
"102",1118,"Netherlands","https://media.api-sports.io/football/teams/1118.png","WLWWWWDWWWWL",7,5,12,5,4,9,0,1,1,2,0,2,19,13,32,8,3,11
"103",775,"Austria","https://media.api-sports.io/football/teams/775.png","LLWWWDWWWLWLWL",6,8,14,5,3,8,0,1,1,1,4,5,15,9,24,4,10,14
"104",2,"France","https://media.api-sports.io/football/teams/2.png","WWLWWWWDWWWDDD",7,7,14,5,4,9,2,2,4,0,1,1,18,14,32,6,6,12
"105",1,"Belgium","https://media.api-sports.io/football/teams/1.png","WWWWWWWWWWWWWWL",8,7,15,7,7,14,0,0,0,1,0,1,29,20,49,4,2,6
"106",773,"Slovakia","https://media.api-sports.io/football/teams/773.png","WLWLWDLWDWWLL",6,7,13,2,4,6,2,0,2,2,3,5,5,12,17,10,9,19
"107",774,"Romania","https://media.api-sports.io/football/teams/774.png","LWDWLWWDLLL",5,6,11,2,2,4,1,1,2,2,3,5,7,11,18,6,11,17
"108",772,"Ukraine","https://media.api-sports.io/football/teams/772.png","DWWWWWWDLWLWL",7,6,13,5,3,8,0,2,2,2,1,3,12,11,23,7,7,14
"109",777,"Turkey","https://media.api-sports.io/football/teams/777.png","WWWLWWWDDWLLL",7,6,13,4,3,7,1,1,2,2,2,4,8,11,19,5,6,11
"110",1104,"Georgia","https://media.api-sports.io/football/teams/1104.png","LLWLDDWLWL",6,4,10,2,1,3,2,0,2,2,3,5,4,4,8,3,9,12
"111",27,"Portugal","https://media.api-sports.io/football/teams/27.png","DDWWWLWWWLDL",6,6,12,2,4,6,3,0,3,1,2,3,14,15,29,7,6,13
"112",770,"Czech Republic","https://media.api-sports.io/football/teams/770.png","LWWLWWWLWDLWL",6,7,13,4,3,7,0,1,1,2,3,5,10,9,19,6,9,15
"113",25,"Germany","https://media.api-sports.io/football/teams/25.png","DLLD",2,2,4,0,0,0,2,0,2,0,2,2,2,1,3,2,5,7
"114",1108,"Scotland","https://media.api-sports.io/football/teams/1108.png","WLWW",2,2,4,2,1,3,0,0,0,0,1,1,5,5,10,2,2,4
"115",769,"Hungary","https://media.api-sports.io/football/teams/769.png","LWLDWW",3,3,6,3,0,3,0,1,1,0,2,2,6,3,9,1,5,6
"116",15,"Switzerland","https://media.api-sports.io/football/teams/15.png","WLWWLD",3,3,6,2,1,3,1,0,1,0,2,2,11,4,15,2,6,8
"117",9,"Spain","https://media.api-sports.io/football/teams/9.png","WWLL",2,2,4,1,1,2,0,0,0,1,1,2,8,4,12,3,4,7
"118",3,"Croatia","https://media.api-sports.io/football/teams/3.png","LDWL",2,2,4,1,0,1,1,0,1,0,2,2,3,1,4,2,8,10
"119",768,"Italy","https://media.api-sports.io/football/teams/768.png","DLWD",2,2,4,0,1,1,2,0,2,0,1,1,1,1,2,1,1,2
"120",778,"Albania","https://media.api-sports.io/football/teams/778.png","WLLL",2,2,4,1,0,1,0,0,0,1,2,3,1,0,1,4,4,8
"121",1091,"Slovenia","https://media.api-sports.io/football/teams/1091.png","LLLDDD",3,3,6,0,0,0,2,1,3,1,2,3,3,2,5,4,4,8
"122",21,"Denmark","https://media.api-sports.io/football/teams/21.png","WDWD",2,2,4,1,1,2,1,1,2,0,0,0,2,2,4,0,1,1
"123",14,"Serbia","https://media.api-sports.io/football/teams/14.png","WDWDWW",3,3,6,2,2,4,1,1,2,0,0,0,8,3,11,4,0,4
"124",10,"England","https://media.api-sports.io/football/teams/10.png","LDWWLD",2,4,6,1,1,2,0,2,2,1,1,2,3,4,7,3,5,8
"125",24,"Poland","https://media.api-sports.io/football/teams/24.png","DLLD",2,2,4,0,0,0,0,2,2,2,0,2,2,2,4,4,2,6
"126",1118,"Netherlands","https://media.api-sports.io/football/teams/1118.png","LWWDWL",3,3,6,3,0,3,0,1,1,0,2,2,8,3,11,1,5,6
"127",775,"Austria","https://media.api-sports.io/football/teams/775.png","LWDW",2,2,4,1,1,2,1,0,1,0,1,1,1,2,3,0,2,2
"128",2,"France","https://media.api-sports.io/football/teams/2.png","DWWL",2,2,4,2,0,2,0,1,1,0,1,1,4,0,4,2,2,4
"129",1,"Belgium","https://media.api-sports.io/football/teams/1.png","WWWL",2,2,4,2,1,3,0,0,0,0,1,1,4,5,9,1,5,6
"130",773,"Slovakia","https://media.api-sports.io/football/teams/773.png","LLWL",2,2,4,1,0,1,0,0,0,1,2,3,5,0,5,3,2,5
"131",774,"Romania","https://media.api-sports.io/football/teams/774.png","DDWDWW",3,3,6,1,2,3,2,1,3,0,0,0,3,5,8,0,3,3
"132",772,"Ukraine","https://media.api-sports.io/football/teams/772.png","WWWL",2,2,4,2,1,3,0,0,0,0,1,1,2,3,5,0,5,5
"133",777,"Turkey","https://media.api-sports.io/football/teams/777.png","LWLL",2,2,4,0,1,1,0,0,0,2,1,3,1,3,4,3,4,7
"134",1104,"Georgia","https://media.api-sports.io/football/teams/1104.png","WWWWDW",3,3,6,3,2,5,0,1,1,0,0,0,6,6,12,1,1,2
"135",27,"Portugal","https://media.api-sports.io/football/teams/27.png","WWDDWW",4,2,6,3,1,4,1,1,2,0,0,0,6,3,9,2,2,4
"136",770,"Czech Republic","https://media.api-sports.io/football/teams/770.png","LWLW",2,2,4,1,1,2,0,0,0,1,1,2,2,2,4,2,2,4
"137",25,"Germany","https://media.api-sports.io/football/teams/25.png","DDWDWL",3,3,6,1,1,2,2,1,3,0,1,1,7,3,10,5,8,13
"138",1108,"Scotland","https://media.api-sports.io/football/teams/1108.png","DWWWLL",3,3,6,2,1,3,1,0,1,0,2,2,3,2,5,1,3,4
"139",769,"Hungary","https://media.api-sports.io/football/teams/769.png","WLWDDW",3,3,6,1,2,3,1,1,2,1,0,1,5,2,7,4,0,4
"140",15,"Switzerland","https://media.api-sports.io/football/teams/15.png","LDLDDW",3,3,6,1,0,1,2,1,3,0,2,2,5,4,9,2,6,8
"141",9,"Spain","https://media.api-sports.io/football/teams/9.png","DWWLDWWL",4,4,8,3,1,4,0,2,2,1,1,2,12,4,16,2,4,6
"142",3,"Croatia","https://media.api-sports.io/football/teams/3.png","LLWLLL",3,3,6,1,0,1,0,0,0,2,3,5,5,4,9,6,10,16
"143",768,"Italy","https://media.api-sports.io/football/teams/768.png","DWDDWWLW",5,3,8,2,2,4,2,1,3,1,0,1,7,3,10,5,0,5
"144",778,"Albania","https://media.api-sports.io/football/teams/778.png","WLDDWW",3,3,6,2,1,3,0,2,2,1,0,1,6,2,8,4,0,4
"145",1091,"Slovenia","https://media.api-sports.io/football/teams/1091.png","DWWWWD",3,3,6,2,2,4,1,1,2,0,0,0,3,5,8,1,0,1
"146",21,"Denmark","https://media.api-sports.io/football/teams/21.png","LDWWWL",3,3,6,1,2,3,1,0,1,1,1,2,2,6,8,3,4,7
"147",14,"Serbia","https://media.api-sports.io/football/teams/14.png","LDLDDW",3,3,6,1,0,1,1,2,3,1,1,2,5,4,9,1,6,7
"148",10,"England","https://media.api-sports.io/football/teams/10.png","WDWLLW",3,3,6,2,1,3,0,1,1,1,1,2,6,1,7,2,2,4
"149",24,"Poland","https://media.api-sports.io/football/teams/24.png","LWDWLL",3,3,6,1,1,2,1,0,1,1,2,3,4,2,6,2,4,6
"150",1118,"Netherlands","https://media.api-sports.io/football/teams/1118.png","WLDDWW",3,3,6,2,1,3,0,2,2,1,0,1,4,3,7,2,2,4
"151",775,"Austria","https://media.api-sports.io/football/teams/775.png","WLWWWD",3,3,6,1,3,4,1,0,1,1,0,1,5,4,9,5,1,6
"152",2,"France","https://media.api-sports.io/football/teams/2.png","WWDWWWWW",3,5,8,2,5,7,1,0,1,0,0,0,8,9,17,4,4,8
"153",1,"Belgium","https://media.api-sports.io/football/teams/1.png","WWLWWWLL",4,4,8,3,2,5,0,0,0,1,2,3,13,6,19,6,5,11
"154",773,"Slovakia","https://media.api-sports.io/football/teams/773.png","LDLLWL",3,3,6,1,0,1,0,1,1,2,2,4,4,1,5,6,4,10
"155",774,"Romania","https://media.api-sports.io/football/teams/774.png","DWLLWD",3,3,6,1,1,2,1,1,2,1,1,2,4,4,8,2,7,9
"156",772,"Ukraine","https://media.api-sports.io/football/teams/772.png","WLLWLL",3,3,6,2,0,2,0,0,0,1,3,4,4,1,5,3,10,13
"157",777,"Turkey","https://media.api-sports.io/football/teams/777.png","LDDDWL",3,3,6,1,0,1,1,2,3,1,1,2,5,1,6,5,3,8
"158",1104,"Georgia","https://media.api-sports.io/football/teams/1104.png","WDDDLD",3,3,6,0,1,1,2,2,4,1,0,1,2,4,6,3,3,6
"159",27,"Portugal","https://media.api-sports.io/football/teams/27.png","WWDWLW",3,3,6,2,2,4,0,1,1,1,0,1,7,5,12,2,2,4
"160",770,"Czech Republic","https://media.api-sports.io/football/teams/770.png","WLWLWW",3,3,6,2,2,4,0,0,0,1,1,2,4,5,9,2,3,5
"161",25,"Germany","https://media.api-sports.io/football/teams/25.png","DDDWLD",3,3,6,1,0,1,1,3,4,1,0,1,6,5,11,4,5,9
"162",1108,"Scotland","https://media.api-sports.io/football/teams/1108.png","WLWWWD",3,3,6,3,1,4,0,1,1,0,1,1,7,4,11,1,4,5
"163",769,"Hungary","https://media.api-sports.io/football/teams/769.png","WLDWWL",3,3,6,1,2,3,1,0,1,1,1,2,2,6,8,3,2,5
"164",15,"Switzerland","https://media.api-sports.io/football/teams/15.png","LLLWWW",3,3,6,2,1,3,0,0,0,1,2,3,3,3,6,2,7,9
"165",9,"Spain","https://media.api-sports.io/football/teams/9.png","DDWWLWWW",4,4,8,2,3,5,1,1,2,1,0,1,6,5,11,4,2,6
"166",3,"Croatia","https://media.api-sports.io/football/teams/3.png","LDWWWWWL",4,4,8,1,4,5,1,0,1,2,0,2,3,9,12,6,3,9
"167",768,"Italy","https://media.api-sports.io/football/teams/768.png","DWDLWWLW",3,5,8,2,2,4,1,1,2,0,2,2,4,8,12,2,9,11
"168",778,"Albania","https://media.api-sports.io/football/teams/778.png","DLLD",2,2,4,0,0,0,1,1,2,1,1,2,2,2,4,3,3,6
"169",1091,"Slovenia","https://media.api-sports.io/football/teams/1091.png","LLDDWD",3,3,6,1,0,1,1,2,3,1,1,2,4,2,6,5,5,10
"170",21,"Denmark","https://media.api-sports.io/football/teams/21.png","WWLWLW",3,3,6,2,2,4,0,0,0,1,1,2,4,5,9,1,4,5
"171",14,"Serbia","https://media.api-sports.io/football/teams/14.png","LWWDWW",3,3,6,2,2,4,0,1,1,1,0,1,8,5,13,3,2,5
"172",10,"England","https://media.api-sports.io/football/teams/10.png","LDDLLD",3,3,6,0,0,0,2,1,3,1,2,3,3,1,4,7,3,10
"173",24,"Poland","https://media.api-sports.io/football/teams/24.png","WLDLLW",3,3,6,1,1,2,0,1,1,2,1,3,2,4,6,4,8,12
"174",1118,"Netherlands","https://media.api-sports.io/football/teams/1118.png","WWDWWWLL",5,3,8,2,3,5,1,0,1,2,0,2,10,8,18,11,2,13
"175",775,"Austria","https://media.api-sports.io/football/teams/775.png","WLDLLL",3,3,6,0,1,1,1,0,1,2,2,4,3,3,6,6,4,10
"176",2,"France","https://media.api-sports.io/football/teams/2.png","LDDLWL",3,3,6,1,0,1,0,2,2,2,1,3,3,2,5,3,4,7
"177",1,"Belgium","https://media.api-sports.io/football/teams/1.png","LWDWWL",3,3,6,2,1,3,0,1,1,1,1,2,9,2,11,6,2,8
"178",773,"Slovakia","https://media.api-sports.io/football/teams/773.png","WLWLLD",3,3,6,0,2,2,1,0,1,2,1,3,2,3,5,4,2,6
"179",774,"Romania","https://media.api-sports.io/football/teams/774.png","LLWLDW",3,3,6,2,0,2,0,1,1,1,2,3,5,1,6,4,4,8
"180",772,"Ukraine","https://media.api-sports.io/football/teams/772.png","WWDLWD",3,3,6,1,2,3,2,0,2,0,1,1,4,6,10,1,3,4
"181",777,"Turkey","https://media.api-sports.io/football/teams/777.png","WWWWDL",3,3,6,2,2,4,1,0,1,0,1,1,9,9,18,3,2,5
"182",1104,"Georgia","https://media.api-sports.io/football/teams/1104.png","WWWDWW",3,3,6,2,3,5,1,0,1,0,0,0,6,10,16,0,3,3
"183",27,"Portugal","https://media.api-sports.io/football/teams/27.png","DWWLWL",3,3,6,2,1,3,0,1,1,1,1,2,6,5,11,1,2,3
"184",770,"Czech Republic","https://media.api-sports.io/football/teams/770.png","WDLLLL",3,3,6,1,0,1,1,0,1,1,3,4,4,1,5,7,6,13
"185",25,"Germany","https://media.api-sports.io/football/teams/25.png","WDDD",2,2,4,1,0,1,1,2,3,0,0,0,3,1,4,2,1,3
"186",1108,"Scotland","https://media.api-sports.io/football/teams/1108.png","DL",2,0,2,0,0,0,1,0,1,1,0,1,1,0,1,2,0,2
"187",769,"Hungary","https://media.api-sports.io/football/teams/769.png","LLW",2,1,3,1,0,1,0,0,0,1,1,2,1,1,2,3,2,5
"188",15,"Switzerland","https://media.api-sports.io/football/teams/15.png","W",1,0,1,1,0,1,0,0,0,0,0,0,1,0,1,0,0,0
"189",9,"Spain","https://media.api-sports.io/football/teams/9.png","WDWD",2,2,4,1,1,2,1,1,2,0,0,0,7,5,12,2,3,5
"190",3,"Croatia","https://media.api-sports.io/football/teams/3.png","LW",0,2,2,0,1,1,0,0,0,0,1,1,0,2,2,0,4,4
"191",768,"Italy","https://media.api-sports.io/football/teams/768.png","WWW",2,1,3,2,1,3,0,0,0,0,0,0,11,2,13,0,1,1
"192",778,"Albania","https://media.api-sports.io/football/teams/778.png","LLW",1,2,3,0,1,1,0,0,0,1,1,2,1,4,5,2,4,6
"193",1091,"Slovenia","https://media.api-sports.io/football/teams/1091.png","DW",1,1,2,1,0,1,0,1,1,0,0,0,2,0,2,0,0,0
"194",21,"Denmark","https://media.api-sports.io/football/teams/21.png","D",1,0,1,0,0,0,1,0,1,0,0,0,1,0,1,1,0,1
"195",14,"Serbia","https://media.api-sports.io/football/teams/14.png","DWD",0,3,3,0,1,1,0,2,2,0,0,0,0,3,3,0,1,1
"196",10,"England","https://media.api-sports.io/football/teams/10.png","LLDD",2,2,4,0,0,0,2,0,2,0,2,2,0,2,2,0,4,4
"197",24,"Poland","https://media.api-sports.io/football/teams/24.png","DL",2,0,2,0,0,0,1,0,1,1,0,1,0,0,0,1,0,1
"198",1118,"Netherlands","https://media.api-sports.io/football/teams/1118.png","LWWWW",2,3,5,1,3,4,0,0,0,1,0,1,6,6,12,2,1,3
"199",775,"Austria","https://media.api-sports.io/football/teams/775.png","DW",2,0,2,1,0,1,1,0,1,0,0,0,3,0,3,2,0,2
"200",2,"France","https://media.api-sports.io/football/teams/2.png","LWWWD",4,1,5,3,0,3,0,1,1,1,0,1,10,2,12,4,2,6
"201",1,"Belgium","https://media.api-sports.io/football/teams/1.png","DWDW",3,1,4,2,0,2,1,1,2,0,0,0,6,3,9,4,3,7
"202",773,"Slovakia","https://media.api-sports.io/football/teams/773.png","LLLW",2,2,4,1,0,1,0,0,0,1,2,3,2,1,3,3,8,11
"203",774,"Romania","https://media.api-sports.io/football/teams/774.png","WWL",3,0,3,2,0,2,0,0,0,1,0,1,5,0,5,5,0,5
"204",772,"Ukraine","https://media.api-sports.io/football/teams/772.png","LW",2,0,2,1,0,1,0,0,0,1,0,1,2,0,2,2,0,2
"205",777,"Turkey","https://media.api-sports.io/football/teams/777.png","WDLL",2,2,4,1,0,1,0,1,1,1,1,2,5,0,5,4,2,6
"206",1104,"Georgia","https://media.api-sports.io/football/teams/1104.png","DLWWWD",4,2,6,3,0,3,1,1,2,0,1,1,11,2,13,2,3,5
"207",27,"Portugal","https://media.api-sports.io/football/teams/27.png","LWWD",4,0,4,2,0,2,1,0,1,1,0,1,10,0,10,4,0,4
"208",770,"Czech Republic","https://media.api-sports.io/football/teams/770.png","WLWW",1,3,4,1,2,3,0,0,0,0,1,1,3,4,7,0,3,3
"209",25,"Germany","https://media.api-sports.io/football/teams/25.png","DLLWWW",5,1,6,3,0,3,1,0,1,1,1,2,8,1,9,4,2,6
"210",1108,"Scotland","https://media.api-sports.io/football/teams/1108.png","LWLLLL",3,3,6,0,1,1,0,0,0,3,2,5,1,1,2,8,3,11
"211",769,"Hungary","https://media.api-sports.io/football/teams/769.png","LLDL",3,1,4,0,0,0,0,1,1,3,0,3,3,1,4,6,1,7
"212",15,"Switzerland","https://media.api-sports.io/football/teams/15.png","WWDWLL",3,3,6,2,1,3,0,1,1,1,1,2,8,2,10,1,2,3
"213",9,"Spain","https://media.api-sports.io/football/teams/9.png","DWDWWW",3,3,6,2,2,4,1,1,2,0,0,0,8,6,14,2,2,4
"214",3,"Croatia","https://media.api-sports.io/football/teams/3.png","LWLWDW",2,4,6,2,1,3,0,1,1,0,2,2,4,2,6,2,5,7
"215",768,"Italy","https://media.api-sports.io/football/teams/768.png","LDWLDDW",4,3,7,2,0,2,2,1,3,0,2,2,5,2,7,3,6,9
"216",778,"Albania","https://media.api-sports.io/football/teams/778.png","LLLDW",5,0,5,1,0,1,1,0,1,3,0,3,2,0,2,8,0,8
"217",1091,"Slovenia","https://media.api-sports.io/football/teams/1091.png","LLW",1,2,3,0,1,1,0,0,0,1,1,2,0,2,2,2,3,5
"218",21,"Denmark","https://media.api-sports.io/football/teams/21.png","WDDWLW",4,2,6,3,0,3,1,1,2,0,1,1,5,0,5,0,3,3
"219",14,"Serbia","https://media.api-sports.io/football/teams/14.png","LWLW",3,1,4,1,1,2,0,0,0,2,0,2,6,2,8,4,0,4
"220",10,"England","https://media.api-sports.io/football/teams/10.png","WDWWWW",5,1,6,4,1,5,1,0,1,0,0,0,9,1,10,2,0,2
"221",24,"Poland","https://media.api-sports.io/football/teams/24.png","LWDWDL",6,0,6,2,0,2,2,0,2,2,0,2,10,0,10,7,0,7
"222",1118,"Netherlands","https://media.api-sports.io/football/teams/1118.png","LWDDWD",2,4,6,1,1,2,0,3,3,1,0,1,2,6,8,2,3,5
"223",775,"Austria","https://media.api-sports.io/football/teams/775.png","WWWWLWL",5,2,7,4,1,5,0,0,0,1,1,2,8,4,12,4,2,6
"224",2,"France","https://media.api-sports.io/football/teams/2.png","LWWWDDW",6,1,7,3,1,4,2,0,2,1,0,1,11,3,14,7,1,8
"225",1,"Belgium","https://media.api-sports.io/football/teams/1.png","WDWWWD",5,1,6,3,1,4,2,0,2,0,0,0,12,4,16,2,0,2
"226",773,"Slovakia","https://media.api-sports.io/football/teams/773.png","DLWD",2,2,4,1,0,1,1,1,2,0,1,1,4,2,6,1,3,4
"227",774,"Romania","https://media.api-sports.io/football/teams/774.png","WWWW",3,1,4,3,1,4,0,0,0,0,0,0,6,2,8,2,1,3
"228",772,"Ukraine","https://media.api-sports.io/football/teams/772.png","DWDWDD",0,6,6,0,2,2,0,4,4,0,0,0,0,8,8,0,4,4
"229",777,"Turkey","https://media.api-sports.io/football/teams/777.png","WDWDDDD",4,3,7,2,0,2,2,3,5,0,0,0,3,5,8,1,5,6
"230",1104,"Georgia","https://media.api-sports.io/football/teams/1104.png","WWWL",3,1,4,3,0,3,0,0,0,0,1,1,7,0,7,0,1,1
"231",27,"Portugal","https://media.api-sports.io/football/teams/27.png","WLDDWDW",5,2,7,2,1,3,2,1,3,1,0,1,8,3,11,7,1,8
"232",770,"Czech Republic","https://media.api-sports.io/football/teams/770.png","LWLW",0,4,4,0,2,2,0,0,0,0,2,2,0,3,3,0,9,9
"233",25,"Germany","https://media.api-sports.io/football/teams/25.png","DD",2,0,2,0,0,0,2,0,2,0,0,0,3,0,3,3,0,3
"234",769,"Hungary","https://media.api-sports.io/football/teams/769.png","LL",1,1,2,0,0,0,0,0,0,1,1,2,1,1,2,2,2,4
"235",3,"Croatia","https://media.api-sports.io/football/teams/3.png","LW",2,0,2,1,0,1,0,0,0,1,0,1,3,0,3,3,0,3
"236",21,"Denmark","https://media.api-sports.io/football/teams/21.png","DW",1,1,2,1,0,1,0,1,1,0,0,0,4,2,6,0,2,2
"237",14,"Serbia","https://media.api-sports.io/football/teams/14.png","DW",1,1,2,1,0,1,0,1,1,0,0,0,1,1,2,0,1,1
"238",2,"France","https://media.api-sports.io/football/teams/2.png","W",1,0,1,1,0,1,0,0,0,0,0,0,2,0,2,0,0,0
"239",773,"Slovakia","https://media.api-sports.io/football/teams/773.png","WD",2,0,2,1,0,1,1,0,1,0,0,0,6,0,6,2,0,2
"240",772,"Ukraine","https://media.api-sports.io/football/teams/772.png","DW",2,0,2,1,0,1,1,0,1,0,0,0,3,0,3,2,0,2
"241",777,"Turkey","https://media.api-sports.io/football/teams/777.png","WW",2,0,2,2,0,2,0,0,0,0,0,0,4,0,4,1,0,1
"242",1104,"Georgia","https://media.api-sports.io/football/teams/1104.png","DL",0,2,2,0,0,0,0,1,1,0,1,1,0,3,3,0,4,4
"243",770,"Czech Republic","https://media.api-sports.io/football/teams/770.png","LL",2,0,2,0,0,0,0,0,0,2,0,2,3,0,3,6,0,6
"244",25,"Germany","https://media.api-sports.io/football/teams/25.png","DW",2,0,2,1,0,1,1,0,1,0,0,0,4,0,4,3,0,3
"245",15,"Switzerland","https://media.api-sports.io/football/teams/15.png","LL",1,1,2,0,0,0,0,0,0,1,1,2,1,1,2,2,2,4
"246",9,"Spain","https://media.api-sports.io/football/teams/9.png","DD",0,2,2,0,0,0,0,2,2,0,0,0,0,1,1,0,1,1
"247",3,"Croatia","https://media.api-sports.io/football/teams/3.png","WD",0,2,2,0,1,1,0,1,1,0,0,0,0,5,5,0,4,4
"248",768,"Italy","https://media.api-sports.io/football/teams/768.png","WW",2,0,2,2,0,2,0,0,0,0,0,0,10,0,10,0,0,0
"249",778,"Albania","https://media.api-sports.io/football/teams/778.png","W",1,0,1,1,0,1,0,0,0,0,0,0,2,0,2,1,0,1
"250",1091,"Slovenia","https://media.api-sports.io/football/teams/1091.png","WD",2,0,2,1,0,1,1,0,1,0,0,0,4,0,4,0,0,0
"251",21,"Denmark","https://media.api-sports.io/football/teams/21.png","WW",2,0,2,2,0,2,0,0,0,0,0,0,6,0,6,0,0,0
"252",10,"England","https://media.api-sports.io/football/teams/10.png","WW",2,0,2,2,0,2,0,0,0,0,0,0,6,0,6,0,0,0
"253",24,"Poland","https://media.api-sports.io/football/teams/24.png","WW",2,0,2,2,0,2,0,0,0,0,0,0,7,0,7,1,0,1
"254",1118,"Netherlands","https://media.api-sports.io/football/teams/1118.png","LD",2,0,2,0,0,0,1,0,1,1,0,1,1,0,1,2,0,2
"255",775,"Austria","https://media.api-sports.io/football/teams/775.png","WW",1,1,2,1,1,2,0,0,0,0,0,0,2,3,5,1,0,1
"256",2,"France","https://media.api-sports.io/football/teams/2.png","WL",2,0,2,1,0,1,0,0,0,1,0,1,7,0,7,3,0,3
"257",1,"Belgium","https://media.api-sports.io/football/teams/1.png","DW",2,0,2,1,0,1,1,0,1,0,0,0,3,0,3,2,0,2
"258",774,"Romania","https://media.api-sports.io/football/teams/774.png","W",1,0,1,1,0,1,0,0,0,0,0,0,5,0,5,3,0,3
"259",772,"Ukraine","https://media.api-sports.io/football/teams/772.png","LL",0,2,2,0,0,0,0,0,0,0,2,2,0,1,1,0,9,9
"260",777,"Turkey","https://media.api-sports.io/football/teams/777.png","DD",1,1,2,0,0,0,1,1,2,0,0,0,3,3,6,3,3,6
"261",27,"Portugal","https://media.api-sports.io/football/teams/27.png","DW",2,0,2,1,0,1,1,0,1,0,0,0,7,0,7,0,0,0
"262",770,"Czech Republic","https://media.api-sports.io/football/teams/770.png","WL",0,2,2,0,1,1,0,0,0,0,1,1,0,2,2,0,2,2
"263",25,"Germany","https://media.api-sports.io/football/teams/25.png","DW",2,0,2,1,0,1,1,0,1,0,0,0,8,0,8,2,0,2
"264",1108,"Scotland","https://media.api-sports.io/football/teams/1108.png","DW",0,2,2,0,1,1,0,1,1,0,0,0,0,3,3,0,2,2
"265",769,"Hungary","https://media.api-sports.io/football/teams/769.png","WD",2,0,2,1,0,1,1,0,1,0,0,0,1,0,1,0,0,0
"266",15,"Switzerland","https://media.api-sports.io/football/teams/15.png","WWWW",4,0,4,4,0,4,0,0,0,0,0,0,14,0,14,4,0,4
"267",9,"Spain","https://media.api-sports.io/football/teams/9.png","DW",2,0,2,1,0,1,1,0,1,0,0,0,4,0,4,0,0,0
"268",3,"Croatia","https://media.api-sports.io/football/teams/3.png","DL",1,1,2,0,0,0,1,0,1,0,1,1,1,0,1,1,1,2
"269",768,"Italy","https://media.api-sports.io/football/teams/768.png","WW",2,0,2,2,0,2,0,0,0,0,0,0,11,0,11,0,0,0
"270",778,"Albania","https://media.api-sports.io/football/teams/778.png","DL",0,2,2,0,0,0,0,1,1,0,1,1,0,1,1,0,3,3
"271",1091,"Slovenia","https://media.api-sports.io/football/teams/1091.png","DW",1,1,2,1,0,1,0,1,1,0,0,0,6,1,7,0,1,1
"272",21,"Denmark","https://media.api-sports.io/football/teams/21.png","DW",1,1,2,1,0,1,0,1,1,0,0,0,2,1,3,0,1,1
"273",14,"Serbia","https://media.api-sports.io/football/teams/14.png","DDDLWW",2,4,6,1,1,2,1,2,3,0,1,1,5,4,9,1,1,2
"274",10,"England","https://media.api-sports.io/football/teams/10.png","WW",2,0,2,2,0,2,0,0,0,0,0,0,2,0,2,0,0,0
"275",24,"Poland","https://media.api-sports.io/football/teams/24.png","DD",2,0,2,0,0,0,2,0,2,0,0,0,3,0,3,3,0,3
"276",1118,"Netherlands","https://media.api-sports.io/football/teams/1118.png","DW",2,0,2,1,0,1,1,0,1,0,0,0,5,0,5,2,0,2
"277",775,"Austria","https://media.api-sports.io/football/teams/775.png","LD",1,1,2,0,0,0,1,0,1,0,1,1,0,0,0,0,1,1
"278",2,"France","https://media.api-sports.io/football/teams/2.png","WW",2,0,2,2,0,2,0,0,0,0,0,0,6,0,6,0,0,0
"279",1,"Belgium","https://media.api-sports.io/football/teams/1.png","DW",2,0,2,1,0,1,1,0,1,0,0,0,2,0,2,1,0,1
"280",773,"Slovakia","https://media.api-sports.io/football/teams/773.png","DD",1,1,2,0,0,0,1,1,2,0,0,0,1,0,1,1,0,1
"281",774,"Romania","https://media.api-sports.io/football/teams/774.png","LL",1,1,2,0,0,0,0,0,0,1,1,2,1,0,1,2,1,3
"282",772,"Ukraine","https://media.api-sports.io/football/teams/772.png","DWWDD",4,1,5,2,0,2,2,1,3,0,0,0,7,1,8,2,1,3
"283",777,"Turkey","https://media.api-sports.io/football/teams/777.png","WDW",3,0,3,2,0,2,1,0,1,0,0,0,4,0,4,1,0,1
"284",1104,"Georgia","https://media.api-sports.io/football/teams/1104.png","WLLW",1,3,4,1,1,2,0,0,0,0,2,2,1,3,4,0,8,8
"285",27,"Portugal","https://media.api-sports.io/football/teams/27.png","DWWW",2,2,4,2,1,3,0,1,1,0,0,0,7,3,10,0,1,1
"286",770,"Czech Republic","https://media.api-sports.io/football/teams/770.png","LWDW",3,1,4,2,0,2,1,0,1,0,1,1,11,0,11,2,4,6
"287",25,"Germany","https://media.api-sports.io/football/teams/25.png","WDW",1,2,3,1,1,2,0,1,1,0,0,0,2,2,4,0,1,1
"288",1108,"Scotland","https://media.api-sports.io/football/teams/1108.png","DDL",1,2,3,0,0,0,1,1,2,0,1,1,1,3,4,1,4,5
"289",769,"Hungary","https://media.api-sports.io/football/teams/769.png","LWDW",2,2,4,1,1,2,0,1,1,1,0,1,2,3,5,2,2,4
"290",15,"Switzerland","https://media.api-sports.io/football/teams/15.png","LDL",1,2,3,0,0,0,1,0,1,0,2,2,1,1,2,1,4,5
"291",9,"Spain","https://media.api-sports.io/football/teams/9.png","WWW",2,1,3,2,1,3,0,0,0,0,0,0,7,3,10,1,1,2
"292",3,"Croatia","https://media.api-sports.io/football/teams/3.png","DWW",2,1,3,1,1,2,1,0,1,0,0,0,3,1,4,2,0,2
"293",768,"Italy","https://media.api-sports.io/football/teams/768.png","WLWL",1,3,4,0,2,2,0,0,0,1,1,2,0,6,6,3,5,8
"294",778,"Albania","https://media.api-sports.io/football/teams/778.png","LDDDLLW",4,3,7,1,0,1,2,1,3,1,2,3,3,2,5,3,4,7
"295",1091,"Slovenia","https://media.api-sports.io/football/teams/1091.png","DDWW",1,3,4,1,1,2,0,2,2,0,0,0,1,3,4,0,2,2
"296",21,"Denmark","https://media.api-sports.io/football/teams/21.png","LW",1,1,2,1,0,1,0,0,0,0,1,1,3,2,5,0,4,4
"297",14,"Serbia","https://media.api-sports.io/football/teams/14.png","WLW",0,3,3,0,2,2,0,0,0,0,1,1,0,6,6,0,4,4
"298",10,"England","https://media.api-sports.io/football/teams/10.png","WW",2,0,2,2,0,2,0,0,0,0,0,0,5,0,5,1,0,1
"299",24,"Poland","https://media.api-sports.io/football/teams/24.png","DW",1,1,2,1,0,1,0,1,1,0,0,0,1,1,2,0,1,1
"300",1118,"Netherlands","https://media.api-sports.io/football/teams/1118.png","WD",2,0,2,1,0,1,1,0,1,0,0,0,5,0,5,3,0,3
"301",775,"Austria","https://media.api-sports.io/football/teams/775.png","DWW",2,1,3,1,1,2,1,0,1,0,0,0,4,1,5,2,0,2
"302",2,"France","https://media.api-sports.io/football/teams/2.png","WW",2,0,2,2,0,2,0,0,0,0,0,0,7,0,7,1,0,1
"303",1,"Belgium","https://media.api-sports.io/football/teams/1.png","DWL",2,1,3,1,0,1,0,1,1,1,0,1,4,2,6,2,2,4
"304",773,"Slovakia","https://media.api-sports.io/football/teams/773.png","LWDD",1,3,4,0,1,1,1,1,2,0,1,1,0,4,4,0,4,4
"305",774,"Romania","https://media.api-sports.io/football/teams/774.png","LDLW",2,2,4,0,1,1,0,1,1,2,0,2,1,7,8,3,2,5
"306",777,"Turkey","https://media.api-sports.io/football/teams/777.png","LWW",3,0,3,2,0,2,0,0,0,1,0,1,6,0,6,5,0,5
"307",1104,"Georgia","https://media.api-sports.io/football/teams/1104.png","WDL",0,3,3,0,1,1,0,1,1,0,1,1,0,1,1,0,3,3
"308",27,"Portugal","https://media.api-sports.io/football/teams/27.png","W",1,0,1,1,0,1,0,0,0,0,0,0,4,0,4,0,0,0
"309",770,"Czech Republic","https://media.api-sports.io/football/teams/770.png","DWL",1,2,3,1,0,1,0,1,1,0,1,1,5,2,7,0,3,3
"310",25,"Germany","https://media.api-sports.io/football/teams/25.png","WLDLLLWWDLL",7,4,11,2,1,3,1,1,2,4,2,6,12,5,17,16,6,22
"311",1108,"Scotland","https://media.api-sports.io/football/teams/1108.png","LL",1,1,2,0,0,0,0,0,0,1,1,2,1,1,2,3,4,7
"312",769,"Hungary","https://media.api-sports.io/football/teams/769.png","WD",2,0,2,1,0,1,1,0,1,0,0,0,2,0,2,1,0,1
"313",778,"Albania","https://media.api-sports.io/football/teams/778.png","W",1,0,1,1,0,1,0,0,0,0,0,0,2,0,2,0,0,0
"314",14,"Serbia","https://media.api-sports.io/football/teams/14.png","WWL",1,2,3,1,1,2,0,0,0,0,1,1,3,2,5,2,2,4
"315",10,"England","https://media.api-sports.io/football/teams/10.png","WW",1,1,2,1,1,2,0,0,0,0,0,0,1,3,4,0,1,1
"316",24,"Poland","https://media.api-sports.io/football/teams/24.png","WW",2,0,2,2,0,2,0,0,0,0,0,0,3,0,3,0,0,0
"317",775,"Austria","https://media.api-sports.io/football/teams/775.png","DW",2,0,2,1,0,1,1,0,1,0,0,0,3,0,3,1,0,1
"318",2,"France","https://media.api-sports.io/football/teams/2.png","LW",1,1,2,1,0,1,0,0,0,0,1,1,4,1,5,1,2,3
"319",1,"Belgium","https://media.api-sports.io/football/teams/1.png","WW",1,1,2,1,1,2,0,0,0,0,0,0,1,3,4,0,2,2
"320",772,"Ukraine","https://media.api-sports.io/football/teams/772.png","D",0,1,1,0,0,0,0,1,1,0,0,0,0,3,3,0,3,3
"321",777,"Turkey","https://media.api-sports.io/football/teams/777.png","LW",0,2,2,0,1,1,0,0,0,0,1,1,0,5,5,0,6,6
"322",1104,"Georgia","https://media.api-sports.io/football/teams/1104.png","WW",2,0,2,2,0,2,0,0,0,0,0,0,14,0,14,1,0,1
"323",770,"Czech Republic","https://media.api-sports.io/football/teams/770.png","WD",0,2,2,0,1,1,0,1,1,0,0,0,0,5,5,0,2,2
"324",25,"Germany","https://media.api-sports.io/football/teams/25.png","WW",1,1,2,1,1,2,0,0,0,0,0,0,2,2,4,1,0,1
"325",1108,"Scotland","https://media.api-sports.io/football/teams/1108.png","LL",1,1,2,0,0,0,0,0,0,1,1,2,0,0,0,1,4,5
"326",769,"Hungary","https://media.api-sports.io/football/teams/769.png","WW",2,0,2,2,0,2,0,0,0,0,0,0,3,0,3,0,0,0
"327",15,"Switzerland","https://media.api-sports.io/football/teams/15.png","DW",0,2,2,0,1,1,0,1,1,0,0,0,0,1,1,0,0,0
"328",9,"Spain","https://media.api-sports.io/football/teams/9.png","LD",2,0,2,0,0,0,1,0,1,1,0,1,3,0,3,4,0,4
"329",3,"Croatia","https://media.api-sports.io/football/teams/3.png","DW",0,2,2,0,1,1,0,1,1,0,0,0,0,4,4,0,2,2
"330",768,"Italy","https://media.api-sports.io/football/teams/768.png","WW",1,1,2,1,1,2,0,0,0,0,0,0,2,2,4,1,0,1
"331",778,"Albania","https://media.api-sports.io/football/teams/778.png","LL",1,1,2,0,0,0,0,0,0,1,1,2,0,0,0,3,1,4
"332",1091,"Slovenia","https://media.api-sports.io/football/teams/1091.png","WDW",1,2,3,1,1,2,0,1,1,0,0,0,2,3,5,0,2,2
"333",21,"Denmark","https://media.api-sports.io/football/teams/21.png","DW",2,0,2,1,0,1,1,0,1,0,0,0,2,0,2,0,0,0
"334",14,"Serbia","https://media.api-sports.io/football/teams/14.png","LW",0,2,2,0,1,1,0,0,0,0,1,1,0,1,1,0,4,4
"335",10,"England","https://media.api-sports.io/football/teams/10.png","LD",2,0,2,0,0,0,1,0,1,1,0,1,2,0,2,3,0,3
"336",1118,"Netherlands","https://media.api-sports.io/football/teams/1118.png","WL",1,1,2,1,0,1,0,0,0,0,1,1,4,1,5,0,2,2
"337",775,"Austria","https://media.api-sports.io/football/teams/775.png","WW",1,1,2,1,1,2,0,0,0,0,0,0,6,2,8,1,0,1
"338",2,"France","https://media.api-sports.io/football/teams/2.png","LW",2,0,2,1,0,1,0,0,0,1,0,1,3,0,3,4,0,4
"339",1,"Belgium","https://media.api-sports.io/football/teams/1.png","DD",0,2,2,0,0,0,0,2,2,0,0,0,0,2,2,0,2,2
"340",773,"Slovakia","https://media.api-sports.io/football/teams/773.png","LD",1,1,2,0,0,0,0,1,1,1,0,1,0,1,1,2,1,3
"341",774,"Romania","https://media.api-sports.io/football/teams/774.png","DL",1,1,2,0,0,0,1,0,1,0,1,1,1,2,3,1,3,4
"342",777,"Turkey","https://media.api-sports.io/football/teams/777.png","LL",0,2,2,0,0,0,0,0,0,0,2,2,0,1,1,0,7,7
"343",27,"Portugal","https://media.api-sports.io/football/teams/27.png","WL",1,1,2,1,0,1,0,0,0,0,1,1,5,0,5,2,2,4
"344",770,"Czech Republic","https://media.api-sports.io/football/teams/770.png","WW",1,1,2,1,1,2,0,0,0,0,0,0,2,2,4,1,1,2
